Jane023,Circeus
billinghurst,Billinghurst
לערי_ריינהארט,לערי_ריינהארט
Finn_Årup_Nielsen_(fnielsen),Zolo
GZWDer,GZWDer
Sebari_(Srittau),Srittau
Zolo,Marsupium
Vladimir_Alexiev,Zolo
Vladimir_Alexiev,Marsupium
Vladimir_Alexiev,Vladimir_Alexiev
Stevenliuyi,Viscontino
Jura1,Wylve
Kolja21,Zolo
Kolja21,Kolja21
Giftzwerg_88,Kolja21
Jura1,Agabi10
Jura1,billinghurst
Gymel,Kolja21
Gymel,Kolja21
Kolja21,Gymel
JakobVoss,Conny
Marek_Mazurkiewicz,β16
Succu,Succu
Verdy_p,Succu
Finn_Årup_Nielsen_(fnielsen),Finn_Årup_Nielsen_(fnielsen)
SPQRobin,Espeso
ThorstenX1,Espeso
SPQRobin,Espeso
ThorstenX1,Espeso
Kolja21,ValterVB
Kolja21,MSchnitzler2000
MSchnitzler2000,Kolja21
Stryn,MSchnitzler2000
ValterVB,Stryn
Kolja21,ValterVB
Köllner,Kolja21
Hsarrazin,Köllner
Ivan_A._Krestinin,Pinky_sl
Jura1,Ivan_A._Krestinin
Jeblad,Jeblad
Jeblad,Jeblad
Danrok,Danrok
Danrok,Danrok
ThorstenX1,Kolja21
ThorstenX1,Kolja21
ThorstenX1,Kolja21
Zolo,talk
Kolja21,Zolo
Kolja21,Kolja21
Zolo,Kolja21
Kolja21,Espeso
Kolja21,Napoleon.tan
Napoleon.tan,Kolja21
19,Kolja21
Kolja21,Zolo
Yurik,Kolja21
Kolja21,Yurik
Yurik,Kolja21
Mange01,Yurik
Emw,Kolja21
Mange01,Emw
Zolo,Kolja21
Tom_Morris,Kolja21
Kolja21,Tom_Morris
Kolja21,Mange01
Kolja21,Mange01
Kolja21,Eloquence
ThorstenX1,Eric-92
Emw,Kolja21
Emw,Kolja21
Tom_Morris,Kolja21
Emw,Kolja21
Emw,Kolja21
Tom_Morris,Kolja21
Emw,Kolja21
Emw,Kolja21
Tom_Morris,Kolja21
Emw,Kolja21
Emw,Kolja21
Tom_Morris,Kolja21
Avenue,Tom_Morris
Sarilho1,Avenue
Tom_Morris,Sarilho1
Tom_Morris,Avenue
Avenue,Tom_Morris
Sarilho1,Avenue
Tom_Morris,Sarilho1
Tom_Morris,Sarilho1
Sarilho1,Tom_Morris
Kolja21,Sarilho1
Emw,Kolja21
Kolja21,Emw
Emw,Kolja21
Kolja21,Emw
Emw,Kolja21
Kolja21,Emw
Emw,Kolja21
Emw,Kolja21
Tom_Morris,Emw
Espeso,Nightwish62
Kolja21,Espeso
Nightwish62,Kolja21
Kolja21,Nightwish62
Avenue,Kolja21
Tom_Morris,Emw
Kolja21,Tom_Morris
Emw,Kolja21
Emw,Emw
Kolja21,#Reaper
#Reaper,Kolja21
Kolja21,#Reaper
Gloumouth1,Sarilho1
Sarilho1,Gloumouth1
Sk!d,Magnus_Manske
Magnus_Manske,Sk!d
Sk!d,Magnus_Manske
Izno,Magnus_Manske
Sk!d,Magnus_Manske
Emw,Sarilho1
Sarilho1,Emw
Zolo,Zolo
Kolja21,User:Sk!dbot/conflict
Kolja21,Kolja21
Infovarius,User:Sk!dbot/conflict
Kolja21,Infovarius
Infovarius,Kolja21
Kolja21,Infovarius
Kolja21,Sk!d
Zolo,Kolja21
#Reaper,Zolo
Kolja21,#Reaper
Sk!d,Kolja21
Kolja21,Sk!d
Zolo,Kolja21
Kolja21,Zolo
Zolo,Kolja21
#Reaper,Kolja21
Kolja21,#Reaper
Zolo,Kolja21
Sk!d,Kolja21
Sk!d,Sk!d
#Reaper,Sk!d
Sk!d,#Reaper
Sk!d,Sk!d
#Reaper,Sk!d
Sk!d,#Reaper
Infovarius,Jfhutson
Jfhutson,Infovarius
#Reaper,Jfhutson
#Reaper,Infovarius
Emw,#Reaper
Jfhutson,#Reaper
Lavallen,Jfhutson
Kolja21,Docu
Legobot/properties.js/requests,Kolja21
Docu,Kolja21
Izno,DangSunM
Izno,Ivan_A._Krestinin
Ivan_A._Krestinin,Izno
Izno,Ivan_A._Krestinin
Ivan_A._Krestinin,Izno
Kolja21,Ivan_A._Krestinin
Tom_Morris,Ivan_A._Krestinin
Bever,Giftzwerg_88
TomT0m,FA2010
Filceolaire,N7JM
N7JM,Filceolaire
Allen4names,N7JM
Michiel1972,Allen4names
TomT0m,Magnus_Manske
Izno,Magnus_Manske
Martssnail,Izno
Sk!d,Martssnail
Emw,Sk!d
Zolo,Esquilo
Esquilo,Zolo
Zolo,Esquilo
Izno,Zolo
Izno,Zolo
Izno,Esquilo
Kolja21,Bever
Yair_rand,Phoebe
Lavallen,Yair_rand
Zolo,Yair_rand
Zolo,Yair_rand
Voll,Zolo
voll,Voll
Voll,voll
Voll,Voll
Phoebe,Voll
Zolo,Izno
user:Zolo,Zolo
user:Izno,Izno
Phoebe,user:Izno
Izno,Phoebe
Phoebe,Izno
Izno,Phoebe
Pasleim,Tgr
Kolja21,Pasleim
Marsupium,Zolo
Espeso,Danrok
N7JM,James_F.
Yair_rand,Napoleon.tan
JulesWinnfield-hu,Vanisaac
Vanisaac,JulesWinnfield-hu
Jura1,VIGNERON
Shawn_in_Montreal,Shawn_in_Montreal
Infovarius,Ahoerstemeier
JakobVoss,Thryduulf
Sic19,JakobVoss
Jura1,Retired_electrician
Tobias1984,Lavallen
Lavallen,Tobias1984
Paperoastro,Lavallen
Paperoastro,Paperoastro
Lavallen,Paperoastro
Paperoastro,Lavallen
Tobias1984,Paperoastro
Paperoastro,Tobias1984
PinkAmpers,Danrok
Mange01,Danrok
Docu,Mange01
Danrok,Docu
Docu,Docu
Docu,Pyb
Docu,Pyb
今時,Polyglot
Konggaru,Michiel1972
GZWDer,Konggaru
Wylve,Wylve
Wylve,Wylve
TintoMeches,Wylve
Wylve,Wylve
Innotata,DSGalaktos
Innotata,Innotata
DSGalaktos,DSGalaktos
Jura1,DSGalaktos
Innotata,Jura1
Jura,Innotata
Jura1,Jura
Jura1,Jura
Jura1,Jura1
Galaktos,Paulbe
Jura1,Galaktos
Jura1,Haplology
Jura1,Vladis13
User:Shonagon,User:Joshbaumgartner
Infovarius,User:Shonagon
Josh_Baumgartner,User:Joshbaumgartner
Sven_Manguard,User:Joshbaumgartner
Wylve,Sven_Manguard
Josh_Baumgartner,Joshbaumgartner
Joshbaumgartner,Josh_Baumgartner
Danmichaelo,Joshbaumgartner
Josh_Baumgartner,Joshbaumgartner
Joshbaumgartner,Josh_Baumgartner
Danmichaelo,Joshbaumgartner
Josh_Baumgartner,Joshbaumgartner
Joshbaumgartner,Josh_Baumgartner
Danmichaelo,Joshbaumgartner
Danrok,Kolja21
whym,Danrok
Kolja21,whym
Wylve,Danrok
#Reaper,Wylve
Kolja21,Wylve
Infovarius,לערי_ריינהארט
André_Costa_(WMSE),André_Costa_(WMSE)
André_Costa_(WMSE),André_Costa_(WMSE)
Innocent_bystander,André_Costa_(WMSE)
Väsk,Innocent_bystander
Väsk,Innocent_bystander
Innocent_bystander,Väsk
Innocent_bystander,Innocent_bystander
Väsk,Innocent_bystander
Innocent_bystander,Väsk
André_Costa_(WMSE),Innocent_bystander
Väsk,André_Costa_(WMSE)
Shawn_in_Montreal,Danrok
Danrok,Danrok
Shawn_in_Montreal,Danrok
Danrok,Danrok
Silver_hr,Zolo
Danrok,JAn_Dudík
Zolo,Danrok
Zolo,Zolo
Zolo,Zolo
Mange01,Silver_hr
Silver_hr,Mange01
Espeso,Mange01
Espeso,Mange01
Silver_hr,Espeso
Espeso,Silver_hr
Silver_hr,Espeso
Holger1959,Giftzwerg_88
Pasleim,N7JM
N7JM,Pasleim
Lavallen,Androoox
Jura1,RolandUnger
Zolo,RolandUnger
abi,Zolo
Jura1,Fabimaru
Fabimaru,Jura1
Jura1,Jzana
Multichill,Michiel1972
Pasleim,Multichill
Faux,Eric-92
Eric-92,Shawn_in_Montreal
Shawn_in_Montreal,Eric-92
1,Shawn_in_Montreal
Espeso,Phoebe
Ymblanter,Espeso
Ymblanter,Shawn_in_Montreal
Shawn_in_Montreal,Ymblanter
Ymblanter,Shawn_in_Montreal
Danrok,Ymblanter
Avenue,Danrok
Joe_Filceolaire,Avenue
Joe_Filceolaire,Shawn_in_Montreal
Zolo,Docu
Ymblanter,Mange01
Mange01,Ymblanter
Avenue,Mange01
Danrok,Avenue
Izno,User:Fralambert
Shawn_in_Montreal,Izno
Fralambert,Shawn_in_Montreal
Shawn_in_Montreal,Fralambert
Fralambert,Shawn_in_Montreal
Riba,Fralambert
Amqui,Riba
Shawn_in_Montreal,Amqui
Shawn_in_Montreal,Shawn_in_Montreal
Avenue,Shawn_in_Montreal
Avenue,Shawn_in_Montreal
Ymblanter,Avenue
Filceolaire,Avenue
122,122
Lavallen,Wylve
Jfhutson,Lavallen
Filceolaire,Kompakt
User:Avenue,billinghurst
Izno,User:Avenue
Quico,Izno
Izno,Quico
Brühl,Pasleim
Jura1,Jura1
Jura1,Andy_Mabbett
Phil_Boswell,Jura1
Phil_Boswell,Andy_Mabbett
Jura1,Vladimir_Alexiev
Jura1,Jura1
Accurimbono,Jura1
Jura1,Accurimbono
Accurimbono,Accurimbono
Accurimbono,Accurimbono
Jura1,Periglio
Jc3s5h,Jura1
Jura1,Jura1
Yair_rand,Micru
Jura1,Jura1
Marsupium,Jura1
Yair_rand,Verdy_p
Oursana,RolandBeck
Jura1,Jklamo
Avatar6,Federico_Leva_(BEIC)
Kolja21,JAn_Dudík
JAn_Dudík,Kolja21
Kolja21,JAn_Dudík
Kolja21,Kolja21
Ayack,Kolja21
Goldzahn,Utar
Utar,Goldzahn
Danrok,Utar
Superm401,NaBUru38
Marsupium,Superm401
Greenski,Zolo
Zolo,Greenski
Greenski,Zolo
Danrok,Greenski
Danrok,Danrok
Melderick,Thryduulf
Thryduulf,Melderick
Jura1,André_Costa_(WMSE)
André_Costa_(WMSE),Jura1
André_Costa_(WMSE),André_Costa_(WMSE)
Jura1,André_Costa_(WMSE)
Srittau,Jura1
Jura1,André_Costa_(WMSE)
André_Costa_(WMSE),Jura1
Jura1,André_Costa_(WMSE)
Gloumouth1,Otourly
Eric-92,Gloumouth1
Gloumouth1,Eric-92
Touriste,Gloumouth1
whym,Otourly
Zolo,whym
Otourly,Zolo
Touriste,Otourly
Touriste,Otourly
Gloumouth1,Otourly
Gloumouth1,Otourly
Verdy_p,Gloumouth1
Chris.urs-o,Esquilo
Infovarius,FischX
FischX,Infovarius
Infovarius,FischX
Kareyac,Avatar6
Shawn_in_Montreal,Shawn_in_Montreal
Eric-92,Shawn_in_Montreal
Shawn_in_Montreal,Shawn_in_Montreal
Eric-92,Shawn_in_Montreal
Geagea,Shawn_in_Montreal
Danrok,Geagea
Shawn_in_Montreal,Danrok
Danrok,Shawn_in_Montreal
Espeso,Danrok
Shawn_in_Montreal,Espeso
Espeso,Shawn_in_Montreal
Touriste,Geagea
Eric-92,Touriste
Danrok,Gloumouth1
Gloumouth1,Danrok
Danrok,Gloumouth1
Gloumouth1,Danrok
Danrok,Gloumouth1
Danrok,Gloumouth1
AS,Danrok
Touriste,Gloumouth1
Touriste,Gloumouth1
AS,Touriste
Danrok,AS
Michiel1972,Ayack
Infovarius,Wylve
Tobias1984,Wylve
Michiel1972,Bthfan
Fabimaru,Michiel1972
Thierry_Caro,Fabimaru
Snipre,Jura1
Jura1,Snipre
Jura1,Snipre
Jc3s5h,Thierry_Caro
Thierry_Caro,Jc3s5h
Ghuron,Jc3s5h
Ghuron,Ghuron
Ghuron,Ghuron
Jc3s5h,Ghuron
Thierry_Caro,Jc3s5h
Jura1,Jura1
Jura1,Thibaut120094
Jura1,Jura1
JulesWinnfield-hu,JulesWinnfield-hu
Brya,JulesWinnfield-hu
JulesWinnfield-hu,Brya
Brya,JulesWinnfield-hu
Brya,Brya
Tinm,Brya
Succu,Tinm
ChristianKl,ChristianKl
Espeso,User:Denny_Vrandečić_(WMDE)
Zolo,Espeso
HenkvD,Zolo
Espeso,HenkvD
HenkvD,Espeso
Zolo,HenkvD
HenkvD,Zolo
Zolo,Wylve
Matthiasb,Zolo
Espeso,Automatik
Automatik,Espeso
Espeso,Automatik
Automatik,Espeso
Esquilo,Snipre
Snipre,Esquilo
Esquilo,Snipre
Littledogboy,Snipre
Snipre,Littledogboy
Kolja21,Snipre
Snipre,Kolja21
Snipre,Yair_rand
Yair_rand,Snipre
Snipre,Yair_rand
I9606,Snipre
Kolja21,Recherchedienst
Recherchedienst,Kolja21
MisterSynergy,MisterSynergy
Fralambert,User:Чаховіч_Уладзіслаў
Fralambert,Fralambert
VIGNERON,Fralambert
VIGNERON,VIGNERON
Fralambert,VIGNERON
Fralambert,VIGNERON
VIGNERON,VIGNERON
Fralambert,Multichill
Multichill,Fralambert
Fralambert,Zolo
VIGNERON,Fralambert
Fralambert,Fralambert
NavinoEvans,NavinoEvans
Fralambert,Fralambert
Izno,Fralambert
Micru,Superm401
Shisma,Danrok
PAC2,PAC2
Ash_Crow,PAC2
Ash_Crow,Ash_Crow
Jura1,Erasmo_Barresi
Jura1,Jura1
Jura1,Jura1
Kolja21,Jura1
Sadads,Sadads
Multichill,Sadads
Sadads,Multichill
Jura1,Shlomo
Harmonia_Amanda,Jura1
Shlomo,Harmonia_Amanda
Harmonia_Amanda,Shlomo
Jura1,Harmonia_Amanda
Harmonia's_Amanda's,Jura1
Shlomo,Harmonia_Amanda
Sjoerd_de_Bruin,Shlomo
Ainali,Sjoerd_de_Bruin
Edgars2007,Jon_Harald_Søby
Jon_Harald_Søby,Edgars2007
Edgars2007,Jon_Harald_Søby
Jon_Harald_Søby,Edgars2007
Edgars2007,Jon_Harald_Søby
Jon_Harald_Søby,Edgars2007
Edgars2007,Jon_Harald_Søby
Jon_Harald_Søby,Edgars2007
MisterSynergy,77
Edgars2007,MisterSynergy
Brya,Brya
Brya,Brya
Brya,Brya
Jobu0101,Brya
Brya,Brya
Jobu0101,Brya
Jobu0101,Jobu0101
Jura1,Jobu0101
ValterVB,Jura1
Jobu0101,ValterVB
Redaktor,Redaktor
Redaktor,Redaktor
Redaktor,Redaktor
Jura1,Redaktor
Succu,Succu
Finn_Årup_Nielsen_(fnielsen),Succu
Finn_Årup_Nielsen_(fnielsen),Finn_Årup_Nielsen_(fnielsen)
Queryzo,Finn_Årup_Nielsen_(fnielsen)
Máté,Jobu0101
Jobu0101,Máté
Jobu0101,Jobu0101
Jobu0101,Jobu0101
Máté,Jobu0101
Snipre,Máté
Máté,Snipre
Jura1,Máté
Máté,Jura1
Snipre,Jura1
Jobu0101,Jura1
Jura1,Jobu0101
Jura1,Jura1
Jura1,Jura1
Snipre,Jura1
Jura1,Snipre
Jura1,Jura1
Snipre,Jura1
Máté,Snipre
Jura1,Jobu0101
Jura1,VIGNERON
DGtal,billinghurst
Hsarrazin,DGtal
DGtal,Hsarrazin
Jura1,Innocent_bystander
Innocent_bystander,Jura1
Innocent_bystander,Candalua
Candalua,Candalua
Pasleim,Candalua
Mischa004,Mischa004
Giftzwerg_88,Mischa004
Gymel,Gymel
Mbch331,Odejea
Sic19,Mbch331
Mbch331,Sic19
Ash_Crow,FocalPoint
Danrok,Gloumouth1
ℇsquilo,Danrok
ℇsquilo,Hawke666
Zolo,Zolo
Pasleim,Zolo
Del♉sion23,feuerst
Ssolbergj,Del♉sion23
Thryduulf,Thryduulf
Avatar6,Thryduulf
Michiel1972,Michiel1972
LaddΩ,Srittau
GPHemsley,Jura1
Jura1,GPHemsley
Casper_Tinan,Jura1
Jura1,Jura1
Jura1,Jura1
Vlsergey,GPHemsley
TomT0m,Vlsergey
TomT0m,TomT0m
TomT0m,TomT0m
TomT0m,TomT0m
TomT0m,TomT0m
Vlsergey,TomT0m
TomT0m,Vlsergey
TomT0m,TomT0m
TomT0m,TomT0m
Infovarius,Infovarius
Jura1,Infovarius
Infovarius,Jura1
Lockal,Infovarius
Mbch331,Runner1928
Jura1,Juan_Mayordomo
Hsarrazin,MisterSynergy
Snipre,Nizil_Shah
Nizil_Shah,Snipre
SilkyShark,Nizil_Shah
Andrew_Gray,SilkyShark
Shawn_in_Montreal,Andrew_Gray
Shawn_in_Montreal,SilkyShark
Danrok,SilkyShark
Filceolaire,SilkyShark
Snipre,Nizil_Shah
Nizil_Shah,Snipre
SilkyShark,Nizil_Shah
Andrew_Gray,SilkyShark
Shawn_in_Montreal,Andrew_Gray
Shawn_in_Montreal,SilkyShark
Danrok,SilkyShark
Filceolaire,SilkyShark
Snipre,Nizil_Shah
Nizil_Shah,Snipre
SilkyShark,Nizil_Shah
Andrew_Gray,SilkyShark
Shawn_in_Montreal,Andrew_Gray
Shawn_in_Montreal,SilkyShark
Danrok,SilkyShark
Filceolaire,SilkyShark
Yair_rand,Sarilho1
Yair_rand,Superm401
billinghurst,billinghurst
Filceolaire,billinghurst
Yair_rand,billinghurst
Yair_rand,Diwas
Yair_rand,→_A
Jura1,ValterVB
Zolo,Zolo
Zolo,Zolo
Pietro,Vladimir_Alexiev
Pietro,Pietro
Nikki,Pietro
Pietro,Nikki
Nikki,Pietro
PinkAmpers,Danrok
Pichpich,Shawn_in_Montreal
Shawn_in_Montreal,Pichpich
Silver_hr,Pichpich
Jura1,Jura1
KRLS,Jura1
Shawn_in_Montreal,Danrok
Danrok,Shawn_in_Montreal
Shawn_in_Montreal,Danrok
Danrok,Shawn_in_Montreal
Shawn_in_Montreal,Danrok
Kolja21,Bennylin
Superm401,Bennylin
Danrok,Bennylin
Danrok,Danrok
Filceolaire,Bennylin
Jura1,Jura1
Danrok,Nightwish62
Nightwish62,Danrok
Danrok,Nightwish62
Wylve,Nightwish62
Danrok,Wylve
Romero,Danrok
Danrok,Romero
Romero,Danrok
Jura1,Máté
Máté,Jura1
Jura1,Máté
nyuszika7h,Jura1
Jklamo,Máté
Máté,Jklamo
Malarz_pl,Andrea_Shan
Malarz_pl,Malarz_pl
Andrea_Shan,Malarz_pl
Malarz_pl,Malarz_pl
Andrea_Shan,Malarz_pl
Malarz_pl,Visite_fortuitement_prolongée
Visite_fortuitement_prolongée,Malarz_pl
Malarz_pl,Visite_fortuitement_prolongée
Visite_fortuitement_prolongée,Malarz_pl
Visite_fortuitement_prolongée,Malarz_pl
Visite_fortuitement_prolongée,Malarz_pl
Visite_fortuitement_prolongée,Visite_fortuitement_prolongée
Visite_fortuitement_prolongée,Malarz_pl
Visite_fortuitement_prolongée,Visite_fortuitement_prolongée
Visite_fortuitement_prolongée,Malarz_pl
Visite_fortuitement_prolongée,Visite_fortuitement_prolongée
Visite_fortuitement_prolongée,Visite_fortuitement_prolongée
Malarz_pl,Visite_fortuitement_prolongée
Fomafix,Ivan_A._Krestinin
Fomafix,Fomafix
Jura1,Pasleim
Gymel,Jura1
Jura1,User:Jura1
Frank_Robertson,Jura1
Jura1,Frank_Robertson
Frank_Robertson,Jura1
Jura1,Frank_Robertson
Frank_Robertson,Jura1
Frank_Robertson,Jura1
Jura1,Frank_Robertson
Frank_Robertson,Jura1
Jura1,Frank_Robertson
Petr_Matas,Jura1
Jura1,Petr_Matas
Frank_Robertson,User:Jura1
User:Succu,Frank_Robertson
Succu,User:Succu
Frank_Robertson,Succu
Succu,Frank_Robertson
Succu,User:Succu
Jura1,Deryck_Chan
Ruud_Koot,Ruud
Be..anyone,Be..anyone
DrSauron,Be..anyone
Gallaecio,Be..anyone
Be..anyone,Be..anyone
Closeapple,Be..anyone
Bthfan,Bthfan
Lavallen,Arctic.gnome
UV,Arctic.gnome
Vlsergey,UV
Zuphilip,Arctic.gnome
Infovarius,Zuphilip
Lavallen,Ahoerstemeier
LaddΩ,Arctic.gnome
BurritoBazooka,Leutha
Nikki,Leutha
Jura1,DSGalaktos
Jura1,Innocent_bystander
Innocent_bystander,Jura1
Jura1,Innocent_bystander
Nikki,Jura1
Jura1,Nikki
Jura1,Jura1
Jura1,Nikki
Innocent_bystander,Innocent_bystander
Jura1,Innocent_bystander
Innocent_bystander,Jura1
Jura1,Innocent_bystander
Jura1,Jura1
Jura1,Andrew_Gray
Andrew_Gray,Jura1
Andy_Mabbett,Jura1
Andrew_Gray,Andy_Mabbett
Kaldari,Andrew_Gray
Kaldari,Kaldari
Jura1,Kaldari
Jura1,Andrew_Gray
Andrew_Gray,Jura1
Andy_Mabbett,Jura1
Andrew_Gray,Andy_Mabbett
Kaldari,Andrew_Gray
Kaldari,Kaldari
Jura1,Kaldari
Jura1,Andrew_Gray
Andrew_Gray,Jura1
Andy_Mabbett,Jura1
Andrew_Gray,Andy_Mabbett
Kaldari,Andrew_Gray
Kaldari,Kaldari
Jura1,Kaldari
Innocent_bystander,Tom_Morris
Innocent_bystander,Innocent_bystander
Thryduulf,Innocent_bystander
Jura1,Innocent_bystander
Jura1,Jura1
Jura1,Jura1
Innocent_bystander,Jura1
Jura1,Innocent_bystander
Jura1,Innocent_bystander
NaBUru38,Docu
Docu,Lavallen
Lavallen,Docu
Lavallen,Danrok
Lavallen,UV
UV,Lavallen
Docu,UV
Kittenono,UV
UV,Kittenono
Bjung,UV
Docu,Sk!d
Lavallen,Docu
Sk!d,Docu
Docu,Sk!d
Lavallen,Sk!d
Sk!d,Lavallen
Lavallen,Sk!d
Lavallen,Jakob
Zuphilip,לערי_ריינהארט
Yair_rand,Arctic.gnome
Arctic.gnome,Lavallen
Oursana,Oursana
Oursana,Oursana
Soulkeeper,Espeso
Espeso,Soulkeeper
Soulkeeper,Espeso
Docu,Emw
אבגד,Gloumouth1
Kolja21,אבגד
אבגד,Kolja21
אבגד,אבגד
Stevenliuyi,Svebert
Svebert,Stevenliuyi
Eldizzino,Svebert
Kolja21,Eldizzino
Jura1,Michiel1972
Danrok,Shawn_in_Montreal
Shawn_in_Montreal,Danrok
Zolo,SPQRobin
SPQRobin,Zolo
Esquilo,SPQRobin
ChristianKl,Tobias1984
ChristianKl,ChristianKl
Danrok,Shawn_in_Montreal
LaddΩ,Danrok
LaddΩ,Finn_Årup_Nielsen_(fnielsen)
Finn_Årup_Nielsen_(fnielsen),LaddΩ
Zolo,Izno
Izno,Zolo
Zolo,Izno
Izno,Zolo
Izno,Zolo
Zolo,Izno
Shisma,Zolo
Shisma,Zolo
Izno,Shisma
Izno,Zolo
Zolo,Izno
Izno,Zolo
Zolo,Izno
Izno,Izno
Zolo,Izno
Izno,Zolo
Zolo,Izno
Shisma,Micru
Stryn,Stryn
Ricordi,Stryn
Ivan_A._Krestinin,Ricordi
Syced,Ricordi
Kopiersperre,Syced
Infovarius,Stryn
Ivan_A._Krestinin,Infovarius
Stryn,Stryn
Ricordi,Stryn
Ivan_A._Krestinin,Ricordi
Syced,Ricordi
Kopiersperre,Syced
Infovarius,Stryn
Ivan_A._Krestinin,Infovarius
Danrok,Danrok
VIGNERON,Danrok
VIGNERON,Danrok
Danrok,Daniel_Mietchen
Multichill,Ivan_A._Krestinin
Ivan_A._Krestinin,Multichill
Magnus,Ivan_A._Krestinin
Holger1959,Ivan_A._Krestinin
Magnus_Manske,Holger1959
User:Multichill,Nemo
Srittau,billinghurst
Jura1,Srittau
Srittau,Jura1
Jura1,Srittau
Srittau,Jura1
Jura1,Srittau
Jura1,Jura1
Jura1,Jura1
Syced,Kopiersperre
Jklamo,Kopiersperre
Syced,Syced
Jura1,Jklamo
Zolo,Kolja21
Kolja21,Zolo
Micru,Kolja21
Kolja21,Micru
Kolja21,Bandersnatch
Marsupium,Oursana
Zolo,Marsupium
Infovarius,TypingAway
TypingAway,Infovarius
Andy_Mabbett,Jura1
Jura1,Andy_Mabbett
Andy_Mabbett,Jura1
Jura1,Andy_Mabbett
ArthurPSmith,User:Pigsonthewing
Innocent_bystander,ArthurPSmith
Jklamo,User:Pigsonthewing
Thryduulf,User:Pigsonthewing
Andy_Mabbett,Thryduulf
Andy_Mabbett,User:Pigsonthewing
Lymantria,Andy_Mabbett
Thryduulf,Lymantria
Edgars2007,Thryduulf
Innocent_bystander,Edgars2007
JakobVoss,User:Pigsonthewing
Averater,JakobVoss
Danrok,Shawn_in_Montreal
Shawn_in_Montreal,Danrok
Shawn_in_Montreal,Shawn_in_Montreal
Zolo,Shawn_in_Montreal
Danrok,Shawn_in_Montreal
Danrok,Soulkeeper
Zolo,Tobias1984
Tobias1984,Zolo
Danrok,Tobias1984
Tobias1984,Danrok
Laddo,LaddΩ
Zolo,Laddo
Swpb,Yair_rand
Ivan_A._Krestinin,Tamawashi
Nemo,Ivan_A._Krestinin
User:Nemo_bis,Nemo
Nemo,User:Nemo_bis
Ivan_A._Krestinin,Innocent_bystander
Innocent_bystander,Ivan_A._Krestinin
Docu,Nightwish62
Nightwish62,Docu
Docu,Nightwish62
Thadguidry,Nightwish62
Markus_Krötzsch,Diwas
Giftzwerg_88,Beat_Estermann
Giftzwerg_88,Beat_Estermann
Jura1,AmaryllisGardener
Thierry_Caro,Jura1
Jura1,Thierry_Caro
Pigsonthewing,Gangleri
I18n,Pigsonthewing
Ivan_A._Krestinin,I18n
Gloumouth1,Gloumouth1
Pigsonthewing,Gloumouth1
Avatar6,Avatar6
Thryduulf,Avatar6
MisterSynergy,Thryduulf
Thryduulf,MisterSynergy
Avatar6,Avatar6
Thryduulf,Avatar6
MisterSynergy,Thryduulf
Thryduulf,MisterSynergy
Jura1,Snipre
Jura1,Jura1
Galaktos,Snipre
Jura1,Galaktos
Galaktos,Jura1
Snipre,Snipre
Galaktos,Snipre
Snipre,Galaktos
Galaktos,Snipre
Snipre,Galaktos
Galaktos,Snipre
Pinof,Pinof
Galaktos,Ahoerstemeier
Filceolaire,EugeneZelenko
Thierry_Caro,Oursana
Tobias1984,Tobias1984
TomT0m,Thierry_Caro
Thierry_Caro,TomT0m
Thierry_Caro,Thierry_Caro
Thryduulf,Thierry_Caro
Sjoerd_de_Bruin,Pasleim
MisterSynergy,Sjoerd_de_Bruin
Pasleim,MisterSynergy
MisterSynergy,Pasleim
Sjoerd_de_Bruin,Pasleim
MisterSynergy,Sjoerd_de_Bruin
Pasleim,MisterSynergy
MisterSynergy,Pasleim
Innocent_bystander,Averater
Averater,Innocent_bystander
Innocent_bystander,Danrok
Jura1,Innocent_bystander
Stryn,James_F.
Stryn,James_F.
Touriste,JAn_Dudík
Stryn,Touriste
James_F.,Stryn
Viscontino,James_F.
James_F.,Viscontino
Ch1902,JAn_Dudík
Sk!d,Mauerquadrant
Zolo,SGBailey
Ash_Crow,Zolo
Zolo,Zolo
Sk!d,Zolo
user:Legobot,Zolo
Sk!d,Zolo
Espeso,Sk!d
Sk!d,Zolo
Zolo,Sk!d
Zolo,Sk!d
Lavallen,Zolo
Sk!d,Lavallen
Soulkeeper,Sk!d
Kaldari,Soulkeeper
Zolo,Lavallen
Sk!d,Zolo
Lavallen,Sk!d
Sk!d,Lavallen
Zolo,Sk!d
Lavallen,Zolo
Sk!d,Zolo
James_F.,Maximilianklein
Zolo,Giftzwerg_88
User:SamoaBot/sex_doubts,Zolo
Docu,Zolo
Lavallen,Kaldari
146,Lavallen
Sk!d,146
Jane023,Sk!d
Zolo,Kaldari
Kaldari,Zolo
Zolo,Kaldari
Kaldari,Zolo
Shii,Sj
Bever,Napoleon.tan
PMG,Bever
LaddΩ,PMG
Bever,LaddΩ
Kaldari,Bever
Blue_Rasberry,Sk!d
Filceolaire,Sk!d
Kaldari,Filceolaire
Docu,Sk!d
Filceolaire,Blue_Rasberry
Tobias1984,Jaredzimmerman
Tobias1984,Jaredzimmerman
Ajraddatz,Tobias1984
Emw,Filceolaire
Filceolaire,Emw
Emw,Filceolaire
Avenue,Emw
Emw,Avenue
Emw,Filceolaire
Klortho,Klortho
Jared_Zimmerman,Klortho
Klortho,Jared_Zimmerman
Bever,Bever
Bever,Vladimir_Alexiev
Bever,Bever
Bever,Bever
Bever,Z.
Infovarius,Jura1
User:Jura1/People_charts,Infovarius
Jura1,Dylanwenzlau
Jura1,0
TomT0m,Jura1
TomT0m,Jura1
Joe_Filceolaire,TomT0m
Jura,AmaryllisGardener
Infovarius,Verdy_p
Kolja21,Zolo
Kolja21,Kolja21
Kolja21,abbedabb
Pichpich,Kolja21
34,Pichpich
Docu,Kolja21
Akkakk,Akkakk
Akkakk,Akkakk
Maximilianklein,Akkakk
Maximilianklein,Kolja21
Kolja21,Maximilianklein
Maximilianklein,Kolja21
Tpt,Hsarrazin
Docu,Tpt
Hsarrazin,Docu
Akkakk,Hsarrazin
Ivan_A._Krestinin,John_B._Sullivan
Multichill,Ivan_A._Krestinin
John,Ivan_A._Krestinin
Jura1,John
Andy_Mabbett,Jura1
Finn_Årup_Nielsen_(fnielsen),Finn_Årup_Nielsen_(fnielsen)
Eldizzino,Finn_Årup_Nielsen_(fnielsen)
Tpt,user:Tpt
Daehan,Tpt
LaddΩ,Daehan
LaddΩ,LaddΩ
User:Maximilianklein,User:VIAFbot
Jura1,User:Maximilianklein
Docu,Maximilianklein
Dsp13,Пробегающий
Gymel,Dsp13
Akkakk,Akkakk
edia.org/wiki/user_talk:APPER#Bot:_Normdaten:_VIAF_korrigiert,לערי_ריינהארט
Sergey_kudryavtsev,Kolja21
Floscher,Sergey_kudryavtsev
Jura1,Floscher
Jura1,Jura1
Floscher,Jura1
Jura1,Floscher
Jura1,Floscher
Jura1,Jura1
Gymel,Jura1
Jura1,Gymel
Kolja21,Jura1
Jura1,Kolja21
Jura1,Jura1
LeadSongDog,Jura1
Mbch331,LeadSongDog
LeadSongDog,Mbch331
LeadSongDog,Mbch331
Verdy_p,LeadSongDog
Verdy_p,LeadSongDog
Gymel,Jura1
Jura1,Gymel
Jura,Gymel
Giftzwerg_88,Akkakk
Ajraddatz,Thryduulf
Mbch331,לערי_ריינהארט
I18n,Mbch331
Maix,Akkakk
Infovarius,Akkakk
Infovarius,Akkakk
Srittau,Checkingfax
Srittau,Srittau
Nikki,Infovarius
Infovarius,Nikki
Paperoastro,Mange01
Paperoastro,Enoirdi
Akkakk,Akkakk
Jura1,Sergey_kudryavtsev
Jura1,Jheald
Mbch331,Jura1
Jura1,Mbch331
Mbch331,Jura1
Jura1,Jura1
Mbch331,Jura1
Jura1,Mbch331
Jura1,Jheald
Mbch331,Jura1
Jura1,Mbch331
Mbch331,Jura1
Jura1,Jura1
Mbch331,Jura1
Jura1,Mbch331
Felix Reimann,Brya
TomT0m,Brya
TomT0m,Brya
Succu,TomT0m
Jura1,Brya
Soulkeeper,OldakQuill
EncycloPetey,Infovarius
Infovarius,EncycloPetey
Sarilho1,Infovarius
Akkakk,Akkakk
Felix Reimann,Akkakk
Felix Reimann,Brya
Felix Reimann,Brya
Jura1,Brya
Brya,Jura1
Felix Reimann,Brya
TomT0m,Brya
TomT0m,Brya
Succu,TomT0m
Jura1,Brya
Soulkeeper,OldakQuill
EncycloPetey,Infovarius
Infovarius,EncycloPetey
Sarilho1,Infovarius
Akkakk,Akkakk
Felix Reimann,Akkakk
Felix Reimann,Brya
Felix Reimann,Brya
Jura1,Brya
Brya,Jura1
Kolja21,#Reaper
#Reaper,Kolja21
Kolja21,Make
לערי_ריינהארט,לערי_ריינהארט
לערי_ריינהארט,לערי_ריינהארט
Bthfan,Bthfan
Gymel,Vladimir_Alexiev
Kolja21,Jura1
Jura1,Kolja21
Gymel,Jura1
Jura1,Jura1
Gymel,Jura1
Verdy_p,Jura1
Jura1,Verdy_p
Gymel,Jura1
Jura1,Gymel
Jura1,Jura1
Jura1,Jura1
Almondega,Saehrimnir
Wostr,Egon_Willighagen
Wostr,Wostr
Wostr,Wostr
Snipre,Snipre
Mbch331,Mbch331
Nikki,Mbch331
Mbch331,Nikki
Mbch331,Mbch331
Jura1,Mbch331
Mbch331,Mbch331
Nikki,Mbch331
Jura1,Mbch331
Pasleim,Pasleim
Leyo,Pasleim
Leyo,Leyo
Leyo,Leyo
Leyo,Leyo
Jura1,Mahir256
Stryn,Michiel1972
Stryn,Michiel1972
Akkakk,Akkakk
Jarekt,Kolja21
Jarekt,Kolja21
Jarekt,Kolja21
Jarekt,Kolja21
Jarekt,Gymel
Gymel,Silver_hr
Jarekt,Gymel
Jarekt,70
Docu,billinghurst
Akkakk,billinghurst
לערי_ריינהארט,לערי_ריינהארט
NLR,לערי_ריינהארט
Joshbaumgartner,לערי_ריינהארט
Kolja21,Joshbaumgartner
Joshbaumgartner,Kolja21
Kolja21,Joshbaumgartner
Joshbaumgartner,Kolja21
לערי_ריינהארט,לערי_ריינהארט
Kolja21,לערי_ריינהארט
Kolja21,Kolja21
Kolja21,Kolja21
Kolja21,Gymel
240,Vladimir_Alexiev
Pasleim,Пробегающий
Vladimir_Alexiev,Pasleim
235,Ricordi
235,235
Tobias1984,235
LaddΩ,Akkakk
Snipre,Saehrimnir
Snipre,Snipre
LaddΩ,Snipre
LaddΩ,Saehrimnir
Zolo,Silver_hr
Silver_hr,Zolo
Zolo,Silver_hr
Periglio,Fred_Johansen
Infovarius,Infovarius
VIGNERON,Infovarius
Jura1,VIGNERON
VIGNERON,Jura1
VIGNERON,Infovarius
VIGNERON,Jura1
β16,VIGNERON
Infovarius,β16
Infovarius,Infovarius
Lockal,Infovarius
Lockal,Infovarius
Ivan_A._Krestinin,Izno
Izno,Andy_Mabbett
Kolja21,Faux
Danrok,Jared_Zimmerman
Danrok,Jared_Zimmerman
Jared_Zimmerman,Jared_Zimmerman
Danrok,Jared_Zimmerman
Danrok,Jared_Zimmerman
Jared_Zimmerman,Jared_Zimmerman
Danrok,Jared_Zimmerman
Danrok,Jared_Zimmerman
Jared_Zimmerman,Jared_Zimmerman
Danrok,Jared_Zimmerman
tpt,Tpt
Jura1,Strainu
Jobu0101,Jobu0101
Jura1,Jobu0101
Laboramus,Jobu0101
Laboramus,Jura1
Laboramus,Laboramus
Pasleim,Pasleim
Ivan_A._Krestinin,Pasleim
Gymel,Gymel
Gymel,Queryzo
לערי_ריינהארט,Remi_Mathis
GautierPoupeau,Remi_Mathis
User:Magnus_Manske/missing_props.js,Remi_Mathis
לערי_ריינהארט,User:Magnus_Manske/missing_props.js
Gymel,לערי_ריינהארט
GautierPoupeau,Gymel
Gymel,Gymel
Gymel,Gymel
Magnus_Manske#temporary_normalisation_for_BnF_identifier,Gymel
Wikisource,Gymel
לערי_ריינהארט,Wikisource
Magnus_Manske,לערי_ריינהארט
T.seppelt,T.seppelt
Kolja21,Kolja21
Tobias1984,Tobias1984
Chris.urs-o,Tobias1984
Chris.urs-o,Chris.urs-o
Andy_Mabbett,Tobias1984
Pigsonthewing,Andy_Mabbett
Andy_Mabbett,Pigsonthewing
Pigsonthewing,Andy_Mabbett
Andy_Mabbett,Pigsonthewing
Mr._Mabbett,Andy_Mabbett
Andy_Mabbett,Mr._Mabbett
0,β16
Avenue,Zolo
Kizar#P107:Q4167410,Sk!d
Stevenliuyi,Sk!d
Zolo,Stevenliuyi
Danrok,Zolo
Stevenliuyi,Danrok
Stevenliuyi,Stevenliuyi
Kompakt,Hsarrazin
Nemo,HHill
Bthfan,Bthfan
Jura1,Jonathan_Groß
Jura1,Jonathan_Groß
Jefft0,Jefft0
Srittau,Jura1
Jura1,Jura1
TomT0m,Jura1
Yair_rand,Yair_rand
Chjohnson39,Chjohnson39
TomT0m,Chjohnson39
TomT0m,TomT0m
Snipre,Goldzahn
Esquilo,Snipre
Snipre,Esquilo
HenkvD,Snipre
Snipre,HenkvD
Tobias1984,Snipre
HenkvD,HenkvD
Chris.urs-o,HenkvD
Snipre,Tobias1984
Tobias1984,Snipre
Chris.urs-o,Akkakk
Akkakk,Chris.urs-o
Chris.urs-o,Akkakk
Akkakk,Chris.urs-o
Snipre,Akkakk
Chris.urs-o,Snipre
Chris.urs-o,Snipre
Chris.urs-o,Akkakk
Chris.urs-o,User:Ivan_A._Krestinin/Chemical_compounds
Ivan_A._Krestinin,Chris.urs-o
Ivan_A._Krestinin,Pabouk
Leyo,Ivan_A._Krestinin
YMS,YMS
YMS,YMS
SamB,AdamBMorgan
Zolo,Danrok
Michiel1972,Delirium
Sjoerd_de_Bruin,Michiel1972
Oursana,Giftzwerg_88
Giftzwerg_88,Oursana
Multichill,Michiel1972
Ivan_A._Krestinin,Multichill
Akkakk,Akkakk
Emw,Kolja21
Svebert,Svebert
Svebert,Svebert
Espeso,Svebert
Goldzahn,Espeso
Svebert,Goldzahn
Goldzahn,Emw
Goldzahn,Kolja21
Mange01,Emw
Emw,Mange01
Emw,Mange01
Verdy_p,Emw
Kaldari,Verdy_p
Emw,Kaldari
Verdy_p,Emw
Emw,Izno
Izno,Emw
Fractaler,Izno
Emw,Izno
Izno,Emw
Emw,Izno
Izno,Emw
Emw,Izno
Izno,Arctic.gnome
TomT0m,Gymel
Gymel,Kolja21
TomT0m,Gymel
Kolja21,TomT0m
Gymel,Kolja21
Emw,Gymel
Emw,Kolja21
TomT0m,Emw
Emw,Emw
Emw,Emw
TomT0m,Emw
TomT0m,TomT0m
Emw,TomT0m
Kolja21,Espeso
122,181
Akkakk,122
Paweł_Ziemian,Akkakk
Ivan_A._Krestinin,Federico_Leva_(BEIC)
LaddΩ,Pustekuchen2014
Infovarius,LaddΩ
Jura1,Infovarius
DarTar,VIGNERON
Innocent_bystander,Aubrey
Tobias1984,Innocent_bystander
Innocent_bystander,Tobias1984
Aubrey,Innocent_bystander
JakobVoss,Tobias1984
Izno,Daniel_Kinzler
Finn_Årup_Nielsen_(fnielsen),Izno
LaddΩ,#Reaper
LaddΩ,Superm401
FreightXPress,Nigel_Ish
Pasleim,FreightXPress
FreightXPress,Pasleim
FreightXPress,Pasleim
Kolja21,Espeso
Izno,Joshbaumgartner
Micru,Izno
Izno,Yair_rand
Lymantria,Jura1
Nikki,Jura1
Lymantria,Jura1
Nikki,Jura1
Lymantria,Jura1
Lymantria,Jura1
Nikki,Jura1
Lymantria,Nikki
Avenue,Docu
T.seppelt,Mathieudu68
Mathieudu68,Mathieudu68
T.seppelt,Mathieudu68
Pasleim,VIGNERON
Jura1,VIGNERON
Pasleim,Jura1
Ivan_A._Krestinin,VIGNERON
Mbch331,Ivan_A._Krestinin
Ivan_A._Krestinin,Mbch331
VIGNERON,Ivan_A._Krestinin
Stevenliuyi,Zolo
Zolo,Zolo
Micru,ŠJů
Soulkeeper,Soulkeeper
BurritoBazooka,BurritoBazooka
Laddo,LaddΩ
PigeonIP,LaddΩ
PigeonIP,LaddΩ
PigeonIP,PigeonIP
TomT0m,PigeonIP
Daniel,Daniel_Mietchen
Snipre,Daniel
Succu,Snipre
Daniel_Mietchen,Succu
Daniel_Mietchen,Daniel_Mietchen
Jura1,Marsupium
Innocent_bystander,Yair_rand
Innocent_bystander,Daniel_Mietchen
Daniel_Mietchen,Innocent_bystander
VIGNERON,Innocent_bystander
VIGNERON,VIGNERON
VIGNERON,VIGNERON
Innocent_bystander,VIGNERON
VIGNERON,VIGNERON
Daniel_Mietchen,VIGNERON
Daniel_Mietchen,Daniel_Mietchen
Innocent_bystander,Daniel_Mietchen
Daniel_Mietchen,Daniel_Mietchen
VIGNERON,VIGNERON
Succu,Daniel_Mietchen
Daniel_Mietchen,Succu
Innocent_bystander,Daniel_Mietchen
Rs,Jura1
Rs,Jura1
Rs,Denny
Evad,Denny
Denny,Evad
Kolja21,Yair_rand
James_F.,Kolja21
Kolja21,Yair_rand
James_F.,Kolja21
Zolo,Pouyana
NaBUru38,Wizardist
Yurik,Mange01
Paperoastro,Yurik
Mange01,Bináris
James_F.,PinkAmpers
Espeso,Svebert
Svebert,Espeso
Espeso,Svebert
Svebert,Emw
Espeso,Emw
Stevenliuyi,Emw
#Reaper,Emw
Emw,#Reaper
Goldzahn,Emw
Svebert,Goldzahn
Silver_hr,#Reaper
DixonD,Silver_hr
#Reaper,#Reaper
Silver_hr,#Reaper
#Reaper,Silver_hr
#Reaper,Infovarius
here,#Reaper
Silver_hr,#Reaper
Infovarius,Ivan_A._Krestinin
Silver_hr,Emw
Tpt,Emw
Faux,Emw
Emw,Faux
HvW,Faux
Mps,HvW
DSGalaktos,Mps
71,DSGalaktos
#Reaper,DSGalaktos
User:Byrial/Class-type_conflict,Tobias1984
Sk!d,Zolo
Zolo,Sk!d
TomT0m,Zolo
Ivan_A._Krestinin,Infovarius
Ivan_A._Krestinin,Infovarius
LaddΩ,Ivan_A._Krestinin
NavinoEvans,NavinoEvans
Ijon,Ijon
Emw,Ijon
Izno,Kaldari
Izno,Izno
Kaldari,Izno
Andrew_Gray,Kaldari
Kaldari,Andrew_Gray
Andrea_Shan,Kaldari
Kaldari,Andrea_Shan
Infovarius,Periglio
71,Infovarius
Ivan_A._Krestinin,71
Yair_rand,Ivan_A._Krestinin
Jura1,Jura1
Chjohnson39,Chjohnson39
Izno,Chjohnson39
TomT0m,Chjohnson39
Chjohnson39,TomT0m
TomT0m,Chjohnson39
Chjohnson39,TomT0m
Izno,Jc3s5h
Jc3s5h,Izno
,Malore
FallingGravity,Gabbe
Floscher,Pasleim
Queryzo,Floscher
Mbch331,Queryzo
Queryzo,Mbch331
Jura1,Queryzo
Jura1,Jura1
Jura1,Jura1
Queryzo,Jobu0101
Jobu0101,Queryzo
Jobu0101,Queryzo
Mbch331,Jobu0101
Kolja21,Mbch331
Mbch331,Kolja21
Jobu0101,Jobu0101
Mbch331,Jobu0101
Jura1,Mbch331
Edgars2007,Pasleim
Mbch331,Edgars2007
Jobu0101,Mbch331
Mbch331,Jobu0101
Edgars2007,Mbch331
Jobu0101,Edgars2007
Matěj_Suchánek,Jobu0101
Matěj_Suchánek,Matěj_Suchánek
Hoo_man,Multichill
Jura1,Queryzo
Hoo_man,Jura1
Queryzo,Hoo_man
Hoo_man,Hoo_man
Mbch331,Hoo_man
Jura1,Mbch331
Jura1,Jura1
Hoo_man,Jura1
LydiaPintscher,Hoo_man
Jura1,LydiaPintscher
Mbch331,Jura1
Mbch331,Mbch331
ArthurPSmith,Mbch331
Hoo_man,ArthurPSmith
Pasleim,ArthurPSmith
Mbch331,Pasleim
T.seppelt,Mbch331
Queryzo,Jobu0101
Pasleim,Queryzo
Queryzo,Pasleim
Queryzo,Pasleim
Jura1,Queryzo
Edgars2007,Jura1
#Reaper,Viscontino
Matěj_Suchánek,DSGalaktos
DSGalaktos,Matěj_Suchánek
·addshore·,DSGalaktos
Brevity,·addshore·
1-Byte,The_RedBurn
AVRS,The_RedBurn
Galaktos,Vort
Vort,Galaktos
AVRS,Brevity
Infovarius,Arctic.gnome
Infovarius,Shlomo
Tobias1984,Laddo
Laddo,Tobias1984
LaddΩ,YMS
YMS,LaddΩ
LaddΩ,YMS
LaddΩ,Bigbossfarin
Infovarius,LaddΩ
Dipsacus_fullonum,Väsk
Cbrown1023,Dipsacus_fullonum
Kolja21,Cbrown1023
Allen4names,kevmoo
kevmoo,kevmoo
Allen4names,kevmoo
kevmoo,Allen4names
Infovarius,LaddΩ
Bever,Peyerk
Jura1,BurritoBazooka
Infovarius,User:Michiel1972
Bthfan,Closeapple
Jura1,Jura1
Ivan_A._Krestinin,Jura1
Jheald,Jura1
Ivan_A._Krestinin,Jheald
Pasleim,NavinoEvans
Louperivois,Louperivois
Jura1,Louperivois
Zolo,Faux
Emw,Silver_hr
Stevenliuyi,Zolo
Zolo,Stevenliuyi
Stevenliuyi,PinkAmpers
James_F.,Stevenliuyi
Lavallen,JAn_Dudík
emw,Yair_rand
Yair_rand,emw
Izno,Yair_rand
Verdy_p,Izno
BurritoBazooka,BurritoBazooka
Docu,Akkakk
Giftzwerg_88,Docu
Circeus,Paweł_Ziemian
Hsarrazin,Jura1
Jura1,Hsarrazin
Jura1,Jura1
Giftzwerg_88,Jura1
Jura1,Giftzwerg_88
Infovarius,Jura1
Zolo,AVRS
Zolo,Zolo
Thadguidry,AVRS
Infovarius,Infovarius
PinkAmpers,Jon_Harald_Søby
Lavallen,Yair_rand
LaddΩ,Infovarius
LaddΩ,Infovarius
LaddΩ,Infovarius
Jura1,Jeblad
Multichill,MZMcBride
MZMcBride,Multichill
ŠJů,MZMcBride
Multichill,Ain92
23,111
23,23
Ivan_A._Krestinin,23
JFG,Multichill
Ivan_A._Krestinin,JFG
Multichill,Ivan_A._Krestinin
John_F._Lewis,JFG
Alexander_Vasenin,John_F._Lewis
Jklamo,John_Vandenberg
John_Vandenberg,Jklamo
Lavallen,Multichill
LaddΩ,Lavallen
Multichill,SamB
SamB,Multichill
Multichill,SamB
Closeapple,Neo-Jay
Neo-Jay,Closeapple
Verdy_p,Neo-Jay
Jklamo,XXN
XXN,Jklamo
Matěj_Suchánek,XXN
Verdy_p,Matěj_Suchánek
Sjoerd_de_Bruin,Multichill
Verdy_p,Sjoerd_de_Bruin
Monsieurbecker,VIGNERON
VIGNERON,Monsieurbecker
RobotMichiel1972,VIGNERON
Monsieurbecker,RobotMichiel1972
Monsieurbecker,Zolo
Zolo,Monsieurbecker
Verdy_p,Monsieurbecker
Monsieurbecker,Zolo
VIGNERON,Freedatum
Gzen92,Pino~eowiki
Pino~eowiki,Gzen92
VIGNERON,Pino~eowiki
Pino~eowiki,VIGNERON
Pino~eowiki,Pino~eowiki
Pino~eowiki,Pino~eowiki
Pino~eowiki,Pino~eowiki
VIGNERON,Pino~eowiki
Gzen92,VIGNERON
Pino~eowiki,Gzen92
Fralambert,Pino~eowiki
Docu,VIGNERON
VIGNERON,Docu
Docu,VIGNERON
Fralambert,VIGNERON
Ayack,Fralambert
Fralambert,Ayack
User:VIGNERON/MH,Fralambert
VIGNERON,Fralambert
Fralambert,VIGNERON
Fralambert,Fralambert
Fralambert,Fralambert
Ayack,Fralambert
VIGNERON,Ayack
Fralambert,VIGNERON
VIGNERON,Fralambert
El_Caro,VIGNERON
El_Caro,El_Caro
Ash_Crow,El_Caro
El_Caro,Ash_Crow
James_F.,Conny
Giftzwerg_88,billinghurst
billinghurst,Giftzwerg_88
Zolo,billinghurst
Danrok,Danrok
Jura1,Danrok
Finn_Årup_Nielsen_(fnielsen),Oursana
Francis_McLloyd,Jura1
Jura1,Francis_McLloyd
TomT0m,Yair_rand
billinghurst,Jura1
Jura1,billinghurst
current_governors_of_US_states,Jura1
Jura1,Jura1
Jura1,billinghurst
Jura1,Jura1
Andrew_Gray,Deryck_Chan
Andrew_Gray,Andrew_Gray
Jura1,Sergey_kudryavtsev
Sergey_kudryavtsev,Jura1
Snipre,Kompakt
Kompakt,Snipre
Snipre,Kompakt
Infovarius,Kompakt
Snipre,Micru
Micru,Snipre
Snipre,Micru
Micru,Snipre
Succu,Micru
Filceolaire,Snipre
Danneks,Danneks
Sjoerd_de_Bruin,billinghurst
Sannita,Docu
Sannita,Docu
Nemo_bis,Nemo
Paperoastro,Soulkeeper
Sarilho1,Paperoastro
Paperoastro,Sarilho1
Paperoastro,Njardarlogar
Njardarlogar,Paperoastro
Paperoastro,Njardarlogar
Zolo,PinkAmpers
Mange01,Zolo
Zolo,Danny_B.
Danny_B.,Zolo
Ch1902,EugeneZelenko
Stevenliuyi,Docu
Jklamo,Jongleur1983
Nenntmichruhigip,Vladimir_Alexiev
Paweł_Ziemian,Matthiasb
Izno,Brya
AfadsBad,Izno
Izno,AfadsBad
#Reaper,Enoirdi
Enoirdi,#Reaper
#Reaper,Enoirdi
#Reaper,Enoirdi
LaddΩ,#Reaper
Giftzwerg_88,Giftzwerg_88
HB,Giftzwerg_88
Avatar6,Intgr
Kareyac,Kareyac
Giftzwerg_88,Giftzwerg_88
Giftzwerg_88,Pasleim
UV,Giftzwerg_88
Jura1,Nikki
Infovarius,Gymel
Gymel,Infovarius
Infovarius,Gymel
Infovarius,Gymel
Gymel,Infovarius
23PowerZ,Slomox
Docu,Akkakk
Akkakk,Docu
Docu,Akkakk
Kolja21,Docu
Milad_A380,Docu
Docu,Milad_A380
Danrok,Docu
Docu,Danrok
Danrok,Docu
Docu,Danrok
Danrok,Docu
Docu,Danrok
André_Costa_(WMSE),Danrok
André_Costa_(WMSE),Jura1
Jura1,André_Costa_(WMSE)
André_Costa_(WMSE),Jura1
Docu,Allen4names
Ivan,Docu
Docu,凡其
Jan_Ainali_(WMSE),Jan_Ainali_(WMSE)
Symac,Jan_Ainali_(WMSE)
Symac,Symac
Jura1,Jan_Ainali_(WMSE)
Stevenliuyi,ValterVB
#Reaper,Stevenliuyi
ValterVB,#Reaper
Stevenliuyi,#Reaper
Napoleon.tan,Stevenliuyi
Kompakt,Danrok
Esquilo,Kompakt
Yair_rand,Danrok
Yair_rand,Danrok
Danrok,Yair_rand
Yair_rand,Danrok
Yair_rand,Yair_rand
billinghurst,billinghurst
Jura1,DSGalaktos
DSGalaktos,Jura1
Izno,Queryzo
Zolo,Pasleim
Pasleim,Zolo
Pasleim,Pasleim
Zolo,VIGNERON
Snipre,Zolo
Zolo,Snipre
Snipre,Zolo
Zolo,Paperoastro
Paperoastro,Zolo
Jura1,Jc3s5h
User:Stevenliuyi,Zolo
Ivan_A._Krestinin,Holger1959
Jura1,Ivan_A._Krestinin
Ivan_A._Krestinin,Jura1
Jura1,Ivan_A._Krestinin
Jura1,Jura1
Holger1959,Jura1
cycŋ,DSGalaktos
Jura1,cycŋ
cycŋ,Jura1
Jura1,cycŋ
cycŋ,Jura1
Jura1,cycŋ
cycŋ,Jura1
cycŋ,Jura1
cycŋ,Jura1
Jura1,cycŋ
Jura1,cycŋ
Jura1,DSGalaktos
DSGalaktos,Jura1
Jura1,AVRS
Petr_Matas,Petr_Matas
Petr_Matas,Petr_Matas
Harry_Canyon,Jura1
Joshbaumgartner,Zolo
Silver_hr,Danrok
Danrok,Silver_hr
Ash_Crow,Andrew_Gray
Emw,Ash_Crow
Wylve,Kolja21
Wylve,Wylve
PKM,PKM
PKM,PKM
Thierry_Caro,PKM
Pasleim,Yair_rand
HSRtrack,Docu
Docu,HSRtrack
HSRtrack,Docu
Ricordi,HSRtrack
Danrok,HSRtrack
Snipre,HSRtrack
Paperoastro,HSRtrack
Myr,HSRtrack
Silver_hr,HSRtrack
Tobias1984,HSRtrack
Ricordi,Chris.urs-o
HSRtrack,Ricordi
Touriste,Kristian_Vangen
Kristian_Vangen,Touriste
Nightwish62,Njardarlogar
Nightwish62,Sarilho1
Sarilho1,Nightwish62
Nightwish62,Zolo
Zolo,Nightwish62
Verdy_p,Yair_rand
Verdy_p,Yair_rand
Mrwojo,Mrwojo
VIGNERON,Mrwojo
Docu,122
Brühl,Lavallen
Andyrom75,Andyrom75
Andyrom75,Andyrom75
DSGalaktos,DSGalaktos
Zolo,Tobias1984
Wylve,Andreasm
YMS,billinghurst
Kolja21,Haplology
לערי_ריינהארט,לערי_ריינהארט
Tobias1984,Danrok
Rehman,Reh
Tobias1984,Rehman
ℇsquilo,Tobias1984
Rehman,ℇsquilo
Danrok,Danrok
Zolo,Danrok
Zolo,Danrok
Danrok,Zolo
Zolo,Danrok
Danrok,Tobias1984
Emw,Brühl
Napoleon.tan,Emw
Paperoastro,Emw
Silver_hr,Emw
Yair_rand,Yair_rand
Jheald,Yair_rand
Verdy_p,Fractaler
Lavallen,Snipre
Paperoastro,Snipre
Lavallen,Paperoastro
Paperoastro,Lavallen
Lavallen,Paperoastro
Zolo,Zolo
Lavallen,Zolo
Paperoastro,Lavallen
Micru,Paperoastro
Ivan_A._Krestinin,Hardwigg
DSGalaktos,Ivan_A._Krestinin
Ivan_A._Krestinin,DSGalaktos
Hardwigg,Hardwigg
DSGalaktos,Hardwigg
Hardwigg,DSGalaktos
Hardwigg,Hardwigg
Andy_Mabbett,Jane023
Jane023,Andy_Mabbett
LaddΩ,Danrok
Jura1,Andre_Engels
Jura1,Ash_Crow
Giftzwerg_88,Jura1
Sarilho1,MSchnitzler2000
Bthfan,Casper_Tinan
Casper_Tinan,Bthfan
Bthfan,Casper_Tinan
Pasleim,Casper_Tinan
Jura1,Yellowcard
Casper_Tinan,Yellowcard
Casper_Tinan,Yellowcard
Casper_Tinan,Casper_Tinan
Zolo,GZWDer
Zolo,Zolo
Sergey_kudryavtsev,Andy_Mabbett
Sergey_kudryavtsev,Sergey_kudryavtsev
Sergey_kudryavtsev,Sergey_kudryavtsev
Wittylama,LaddΩ
Sjoerd_de_Bruin,→_A
Sjoerddebruin,Sjoerd_de_Bruin
→_A,Sjoerd_de_Bruin
Sjoerd_de_Bruin,→_A
Andy_Mabbett,→_A
Tpt,Danrok
Danrok,Tpt
Tpt,Danrok
Emw,Pasleim
billinghurst,billinghurst
Oursana,billinghurst
Marsupium,Oursana
Oursana,Marsupium
Lavallen,Theklan
Theklan,Lavallen
Theklan,Theklan
Lavallen,Theklan
Theklan,Lavallen
Lavallen,Theklan
Theklan,Lavallen
Lavallen,Theklan
Theklan,Lavallen
Lavallen,Theklan
Theklan,Lavallen
Ivan_A._Krestinin,Andrew_Gray
Jura1,billinghurst
Jura1,Jura1
Ivan_A._Krestinin,Jura1
Giftzwerg_88,Gymel
Jc3s5h,LydiaPintscher
Дагиров_Умар,Дагиров_Умар
Дагиров_Умар,Дагиров_Умар
Дагиров_Умар,Дагиров_Умар
Jura1,StevenJ81
Jura1,Xaris333
Vlsergey,Jura1
Jura1,Vlsergey
Jura1,Jura1
Jc3s5h,Jura1
Jura1,Jc3s5h
Jura1,Louperivois
Davidpar,Davidpar
Davidpar,Davidpar
Jura1,Jc3s5h
Jura1,Jc3s5h
Jura1,Jc3s5h
Andy_Mabbett,Jc3s5h
Infovarius,Jura1
Oursana,Multichill
Zolo,Multichill
Vlsergey,Multichill
Zolo,Vlsergey
Daniel,Zolo
Multichill,Zolo
Periglio,Multichill
Jura1,Giftzwerg_88
Ivan_A._Krestinin,2
Jura1,Jura1
Jura1,Jura1
5,دوستدار_ایران_بزرگ
Danrok,Lavallen
AVRS,Marek_Mazurkiewicz
Marek_Mazurkiewicz,AVRS
Lavallen,Marek_Mazurkiewicz
AVRS,Marek_Mazurkiewicz
Marek_Mazurkiewicz,Marek_Mazurkiewicz
Bever,Bever
DSGalaktos,billinghurst
Galaktos,Romaine
Succu,Infovarius
Infovarius,Succu
Succu,Infovarius
Infovarius,Succu
Brya,Succu
Succu,Brya
Brya,Infovarius
Gloumouth1,Gloumouth1
Paperoastro,Gloumouth1
Jura1,Theklan
Theklan,Jura1
Ricordi,Spischot
Ivan_A._Krestinin,Ricordi
LaddΩ,Bthfan
Bthfan,LaddΩ
Snipre,Snipre
Bovlb,Snipre
Bovlb,Bovlb
Bovlb,Bovlb
Pasleim,Snipre
Nicolas1981,Pabouk
Bthfan,Nemo
Nemo_bis,Bthfan
Jura1,120
Paucabot,Yann
Infovarius,Paucabot
sheldon_andre,Sheldon.andre
Yair_rand,Yair_rand
Paweł_Ziemian,Wylve
Bene*,Paweł_Ziemian
Superm401,Tobias1984
Yair_rand,Verdy_p
Thryduulf,Thadguidry
TomT0m,Thadguidry
Saehrimnir,Zolo
Saehrimnir,Napoleon.tan
Jura1,cycŋ
cycŋ,Jura1
Docu,Mrwojo
Zuphilip,Zuphilip
Jura1,Nikki
PinkAmpers,Zolo
Zolo,PinkAmpers
Zolo,Faux
Andrei_Stroe,IW
Zolo,Andrei_Stroe
IW,Zolo
Lavallen,Sicherlich
Sicherlich,Lavallen
Sicherlich,Sicherlich
Lavallen,Sicherlich
Sven_Manguard,Sicherlich
Sicherlich,Sven_Manguard
Sven_Manguard,Sicherlich
Sicherlich,Sven_Manguard
Docu,Infovarius
Infovarius,Docu
Paweł_Ziemian,Infovarius
Docu,Yair_rand
Yair_rand,Wylve
Yair_rand,Wylve
Wylve,Yair_rand
Popcorndude,Wylve
Infovarius,Srittau
UV,Shlomo
Shlomo,UV
Shlomo,Shlomo
UV,Shlomo
Lavallen,UV
UV,Lavallen
TZorn,PinkAmpers
Docu,Nicolas1981
Lavallen,Docu
Lavallen,Docu
Esquilo,Lavallen
7,Nicolas1981
Docu,User:Michiel1972
Jklamo,Haplology
Multichill,Paweł_Ziemian
Multichill,Multichill
Paweł_Ziemian,Multichill
Multichill,Paweł_Ziemian
Romaine,Romaine
Multichill,Romaine
Jklamo,YanikB
YanikB,Jklamo
YanikB,YanikB
Jklamo,YanikB
YanikB,Jklamo
Jklamo,John_Cummings
Pasleim,Zebulon84
Zebulon84,Pasleim
Pasleim,Pasleim
Jarekt,Jarekt
Jarekt,Jarekt
Tobias1984,Snipre
Cantons-de-l'Est,Akkakk
VIGNERON,VIGNERON
John_Vandenberg,billinghurst
Bthfan,John_Vandenberg
John_Vandenberg,billinghurst
Bthfan,John_Vandenberg
data.org/wiki/User_talk:Stryn#Addition_of_P641_to_players.27_entries,Stryn
Jura1,MisterSynergy
Markus_Krötzsch,Tinm
Yair_rand,Markus_Krötzsch
Denny,Enzian44
Kolja21,Kolja21
Denny,Fringio
Denny,Fringio
Jura1,Harry_Canyon
Docu,Docu
Zolo,Docu
Docu,Pasleim
Zolo,billinghurst
billinghurst,Zolo
Pasleim,Syced
VIGNERON,VIGNERON
Lavallen,Shlomo
Shlomo,Lavallen
Shlomo,Jura1
Jura1,Shlomo
Shlomo,Jura1
Jura1,Shlomo
Shlomo,Jura1
Jura1,Shlomo
Shlomo,Jura1
Fnielsen,Finn_Årup_Nielsen_(fnielsen)
Kolja21,Fnielsen
Kolja21,Kolja21
Finn_Årup_Nielsen_(fnielsen),Kolja21
Wylve,Zolo
Wylve,Zolo
Wylve,AutomaticStrikeout
Automatic,Wylve
Danrok,Automatic
Mushroom,Danrok
McSearch,Mushroom
Silver_hr,Mushroom
Filceolaire,Silver_hr
Pasleim,McSearch
Ziko,Pasleim
Pasleim,Ziko
Z.,Pasleim
TintoMeches,Rippitippi
Andrew_Gray,Andrew_Gray
Sweet_kate,Andrew_Gray
Giftzwerg_88,Jonathan_Groß
Kolja21,Giftzwerg_88
Jonathan_Groß,Kolja21
Pasleim,Jonathan_Groß
Jonathan_Groß,Kolja21
Wylve,Jonathan_Groß
Andrew_Gray,Jonathan_Groß
Runner1928,Andrew_Gray
Andrew_Gray,Runner1928
SPQRobin,★PοωερZ
Giftzwerg_88,今時
Kompakt,Shisma
Lavallen,Kompakt
Superm401,Kompakt
Lavallen,Esquilo
Esquilo,Lavallen
Lavallen,Izno
Izno,Lavallen
Izno,seav
seav,Izno
Srittau,seav
A.Bernhard,Jeriby
A.Bernhard,Jeriby
Jeriby,A.Bernhard
Napoleon.tan,Nightwish62
Kolja21,Kolja21
Jura1,Innocent_bystander
Hawke666,ℇsquilo
ℇsquilo,Hawke666
Hawke666,ℇsquilo
Danrok,ℇsquilo
Hawke666,Danrok
Danrok,Avatar6
Danrok,Avatar6
Danrok,Danrok
Danrok,Danrok
Jura1,Avatar6
Avatar6,Jura1
Avatar6,Jura1
Danrok,Avatar6
Avatar6,Danrok
Avatar6,Danrok
Shlomo,DixonD
Harmonia_Amanda,Shlomo
Shlomo,Harmonia_Amanda
Ash_Crow,AmaryllisGardener
your,Ash_Crow
Ash_Crow,your
Bever,Jura1
Bever,Bever
Jura1,Bever
Bever,Jura1
Jura1,Bever
Bever,Jura1
Jura1,Jura1
Agabi10,Jura1
Jura1,Agabi10
Srittau,Jura1
Jura1,Marciooo
Shlomo,Jura1
Harmonia_Amanda,Shlomo
Harmonia_Amanda,Sjoerd_de_Bruin
Sjoerd_de_Bruin,Harmonia_Amanda
Bever,Izno
Jura1,Pasleim
GZWDer,Jura1
Jura1,GZWDer
Jura1,GZWDer
Filceolaire,Pasleim
Stryn,Pasleim
Jura1,Stryn
Shisma,Shisma
Billinghurst,billinghurst
Yair_rand,Billinghurst
Wylve,ŠJů
Underlying_lk,Wylve
Wylve,Underlying_lk
Jmabel,Wylve
Snipre,LucaBiondi
YMS,YMS
LaddΩ,YMS
Kolja21,Kolja21
Kolja21,Kolja21
Filceolaire,Kolja21
Kolja21,Kolja21
Finn_Årup_Nielsen_(fnielsen),Oursana
Marsupium,Finn_Årup_Nielsen_(fnielsen)
Multichill,Marsupium
Oursana,Multichill
Runner1928,nojhan
Jura1,nojhan
nojhan,Jura1
ThorstenX1,Janjko
Danrok,Superm401
Esquilo,Danrok
JonnyJD,Esquilo
Michiel1972,JonnyJD
Andy_Mabbett,Micru
Andy_Mabbett,Nevalicori
Andy_Mabbett,Nevalicori
user:Tobias1984,John_Vandenberg
Genewiki123,user:Tobias1984
Ivan_A._Krestinin,Tobias1984
Tobias1984,Ivan_A._Krestinin
SPQRobin,DSGalaktos
Lavallen,SPQRobin
DSGalaktos,Bever
Stryn,Köllner
Stryn,Stryn
Bever,Stryn
Innocent_bystander,Thryduulf
Izno,Thryduulf
Innocent_bystander,Izno
Izno,Innocent_bystander
Innocent_bystander,Izno
Thryduulf,Izno
Izno,Thryduulf
Jura1,Jura1
Izno,Jura1
Thryduulf,Izno
Jura1,Thryduulf
Srittau,Thryduulf
Jura1,Srittau
Rotpunkt,Jura1
Rotpunkt,Rotpunkt
Rotpunkt,Rotpunkt
Jura1,Rotpunkt
Rotpunkt,Rotpunkt
Rotpunkt,Rotpunkt
Srittau,Rotpunkt
Kolja21,Espeso
Leit,Danrok
Tpt,Gymel
Legoktm,Kolja21
Giftzwerg_88,Kolja21
Stryn,Tom_Morris
Zolo,Stryn
Tom_Morris,Stryn
Snipre,PinkAmpers
James_F.,Reedy
PinkAmpers,James_F.
Zolo,Reedy
Legoktm,Kolja21
Giftzwerg_88,Kolja21
Stryn,Tom_Morris
Zolo,Stryn
Tom_Morris,Stryn
Snipre,PinkAmpers
James_F.,Reedy
PinkAmpers,James_F.
Zolo,Reedy
Legoktm,Kolja21
Giftzwerg_88,Kolja21
Stryn,Tom_Morris
Zolo,Stryn
Tom_Morris,Stryn
Snipre,PinkAmpers
James_F.,Reedy
PinkAmpers,James_F.
Zolo,Reedy
Stevenliuyi,Stryn
MisterSynergy,MisterSynergy
Petronas,user:Petronas
whym,Zolo
Faux,Snipre
Snipre,Faux
Sarilho1,Snipre
Silver_hr,Sarilho1
Zolo,Sarilho1
Silver_hr,Zolo
Zolo,Silver_hr
Zolo,Zolo
Snipre,Snipre
Zuphilip,Snipre
Snipre,Zuphilip
Snipre,Zuphilip
Zuphilip,Snipre
LaddΩ,Lavallen
Bever,Be..anyone
Be..anyone,Bever
Sjoerd_de_Bruin,Vanuan
Kolja21,לערי_ריינהארט
לערי_ריינהארט,לערי_ריינהארט
Zhuyifei1999,Zhuyifei1999
Jura1,Syced
לערי_ריינהארט,לערי_ריינהארט
Kolja21,Kolja21
Kolja21,Kolja21
Jura1,Richard_Arthur_Norton_(1958-_)
Jklamo,Jura1
Jura1,Richard_Arthur_Norton_(1958-_)
Jklamo,Jura1
לערי_ריינהארט,Gymel
Tpt,לערי_ריינהארט
לערי_ריינהארט,לערי_ריינהארט
Tpt,לערי_ריינהארט
Srittau,User:James_Hare_(NIOSH)
James_Hare_(NIOSH),User:James_Hare_(NIOSH)
Jura1,Daniel_Mietchen
Jura1,Jura1
Jura1,Jura1
Jura1,Jura1
Jura1,Jura1
Jura1,Jura1
Jura1,Jura1
SPQRobin,Danrok
Michiel1972,SPQRobin
Zolo,Michiel1972
Kolja21,Zolo
Kolja21,Zolo
Syced,SPQRobin
ℇsquilo,Napoleon.tan
VicVal,Finn_Årup_Nielsen_(fnielsen)
Jura1,VicVal
billinghurst,billinghurst
Jura1,billinghurst
Geagea,Yair_rand
Jura1,Avenue
Jura1,Avenue
Pasleim,Pasleim
Pasleim,Infovarius
Jura1,Tobias1984
Lavallen,DixonD
Srittau,Srittau
